{
    "rmse": 0.2983497485715887,
    "mae": 0.2477030912437449,
    "r2": 0.8716835459762088
}